0.981749009,-0.790525715,0.472526534,-1.583161693,-2.079901791,-0.225561186,-2.091747907,1.3688116,0.430396357,-1.237151408,-1.094976899,0.682314795,-0.355682706,-0.479278245,0.289031451,3.029611146,-2.751107019,-2.050315127,0.145119957,4.639587616,0.27538521,-3.195861297,-0.808836181,-1.156169888,1.618595757,-0.472706595,0.606991051,-2.319690624,0.717214895,-0.024624095,1.865207524,-1.427599054,1.036530791,2.315924063,4.986919444,3.505972098,-1.561593755,6.994005864,0.058532342,-8.517122031,3.280100836,-4.432841499,3.352444216,1.345885202,8.588491178,-6.718295461,3.598011941,10.95757823,-10.69899773,14.76404394,-4.211813652,2.509425548,0.772121905,6.778919791,2.17052551,-9.117793112,0.553926351,-4.999226049,4.319044089,-2.774613285,0.204492515,5.553936233,-1.641280419,1.458095332,-8.023772622,1.171802835,-2.495589807,-0.716438694,-1.924980055,-4.807520842,0.921139146,-0.788312103,1.375536126,2.119667847,3.189624819,-2.799714515,0.389051376,-2.805951161,-0.070633186,1.647650297,-3.180072852,-2.066023229,1.636274905,-1.395141201,-1.478690704,-1.021191484,-1.023898098,-2.060430116,-1.5491584,1.15603351,1.22217198,-0.6105886,0.594721019,-2.301879662,0.581201989,-1.907714116,0.751145318,-0.639721502,0.681970106,-0.433803423,-0.043995601,0.097501414,-1.214852852,-0.460811535,-0.547490164,0.868698167,-2.769228356,-0.58777426,-3.061135569,-2.508220185,5.04316892,-0.855961069,-1.221611154,-2.581798543,0.139364602,-0.039807806,0.574748942,-2.549668711,-2.089870952,1.796923866,-1.310163374,3.169977624,-2.252749185,-0.827847615,0.189504279,0,-2.605329354,0.311251707,-2.276002856,-0.428190378,-0.174620521,0.463456831,-1.627902997,-0.683034038,1.24582249,0.202434406,-2.063898575,1.399482474,-0.280139816,4.768698317,0.248343146,-2.315156678,1.670192184,-1.880785965,-1.195551488,-9.476754951,-2.457829489,-0.663384848,-0.361157524,-3.371301012,2.510962245,-1.432656615,3.065143771,-3.216531223,-1.738979189,0.089203054,0.261765596,-0.826394375,-0.125313401,-2.170792608,-4.900700211,-1.181888265,0.827158842,-1.34166019,1.209900789,0.16224906,-3.279983129,-3.830675412,2.115676657,8.702843532,-0.06613922,7.215031909,-3.835663144,3.374748495,1.330355357,-2.912622201,-0.155790201,3.041116642,1.622259439,3.275926742,-2.943319351,-1.547264136,4.378262573,-1.016446119,-3.615958351,-2.331245671,0.762558533,-1.485193014,-0.839115499,3.335696425,-2.987127039,2.951569355,-1.668402821,0.095678002,-1.709840115,-5.972669518,2.725023992,-0.074266852,0.397649742,1.41993114,2.621136335,-1.302015976,0.547616141,0.967605184,0.61717576,-0.008693611,-1.329326781,4.856116138,-3.572669962,5.934226475,0.082747083,-1.512137785,-3.923440729,-3.42770901,0.286457995,2.037484525,0.301801325,-2.945850748,0.234878787,-0.04192772,-0.864506213,0.762211247,1.152249438,-0.51416049,1.107894192,3.065435276,-1.146131825,-0.741188492,-0.480313079,-2.066364501,-2.990545934,-0.292493495,0.113876686,0.564418814,-1.212121212,-0.506509901,2.134995912,-1.184679506,0.678044255,0.517330436,-4.770095514,0.054768016,-0.691529931,1.610605507,-1.224356273,-2.767674296,0.702503017,-0.7653209,-3.453069669,1.349452856,0.860001489,0.776244619,2.534578393
1.260875087,-0.257815508,0.920165618,-1.567864365,-1.233882441,0.464856836,-1.188144912,0.709303623,-0.643453882,-1.79936513,-0.55655773,0.360363964,0.482802061,-0.611806618,1.017939937,1.700760425,-1.921919416,-1.535340459,-2.743376564,1.497975128,-2.379865169,-3.186758916,0.122290721,-2.031264444,-0.141385612,-2.549018588,2.309691474,-0.146177787,0.544336161,-0.884811949,-1.004107269,-0.026699594,1.550808497,3.264461689,4.50582073,1.677867485,-1.234054783,7.57997568,-2.364052909,-6.238786062,5.033127622,-3.541488064,2.574125758,2.908953888,7.269959078,-6.400697942,4.745162249,10.47749691,-12.44727303,17.2869623,-7.607292398,4.394596342,-1.618676257,3.902439582,1.007508487,-8.332210013,0.96651104,-5.886876524,4.281899885,-6.571802573,1.597862462,3.68155017,-2.028851025,0.929593045,-6.922007456,1.088750961,-0.993156877,-0.006051835,-0.223549037,-4.71502714,1.058873602,-2.914588909,-0.873467496,2.022168423,4.314140566,-3.284922123,1.225064768,-1.793185303,0.287273767,2.496911283,-4.294648763,-0.993255918,2.657959451,-2.387602939,-1.062181375,-0.975127681,-0.57734911,-0.584788305,-1.103144449,2.317686766,1.535463143,-0.432060602,-1.435905734,-0.946406339,0.697053295,-1.093395969,1.215728662,-0.043595446,1.068451796,-0.132000991,0.226022058,-1.00955307,0.229720503,-1.124872616,-0.242769205,1.333918121,-2.286324289,-0.615844125,-0.758694403,-3.576505356,5.67455402,-0.782998275,-0.635120667,-2.391902068,-0.344933064,-1.059495683,0.599545496,-2.702304837,-0.663660529,2.057222039,-1.247878631,2.042476422,-1.06329368,-2.491274691,-0.58133953,-0.756326015,-2.107262488,1.176469148,-2.151953182,-0.695224408,0.304211638,3.187323503,-0.614350354,0.14901606,2.020397725,0.512614834,-4.120983343,1.365272335,-1.416765053,4.547253539,0.615991049,-1.250921229,0.905851878,-0.999703038,0.078471802,-0.541437504,-5.324650583,1.523747061,0.164361321,-1.576151562,1.821352632,2.031210564,2.394529885,-2.777377955,0.234789174,-0.095738155,-0.656270214,-0.572133894,0.853604209,-2.274212394,0.732324651,-0.313537364,-1.284242152,-2.116207609,-2.396508055,-1.01786814,1.498694194,-0.765611374,-1.890779242,6.603769352,1.423571995,5.718936036,-4.084428646,2.882601229,0.656764205,-0.671829499,-1.614136898,1.819066543,1.054654259,1.257550283,-1.061515787,-2.352716733,3.404956447,-1.279593471,-2.227891851,-0.77348882,1.051822374,-1.459614402,-1.002543975,3.040887016,-1.991635564,2.170851786,-1.868178031,-0.356159176,-2.423426184,-2.524840177,-0.655122944,0.905551024,0.54629745,0,2.539446819,-0.200322857,-0.069836591,-0.041880032,-0.619709118,2.927453323,-1.486517233,5.21512106,-0.996486904,1.111275739,0.069193396,-1.986141132,-4.602803293,-3.09014923,-0.192208116,2.440588866,3.497466554,-2.558304282,0.515225116,-0.494200279,-0.331446399,1.291610981,1.601290965,-0.630823846,0.964874286,0.133262576,-1.753483579,-0.004672932,-0.631882649,0.541873668,-0.989778424,0.390032047,0.527441175,-0.055978727,0.032669748,-0.796260377,1.987720463,0.608017754,-1.284812466,-0.438843143,0.032686685,-2.348592678,-0.063804121,0.379707221,-1.797025954,-0.60284272,1.321146479,-0.776653648,-0.982399952,0.361370967,1.11421918,-0.332706145,2.172812695
1.22882176,-1.466725906,-0.208719048,0.787011117,-0.477634874,0.949999717,-0.430392576,1.169339946,0.398487713,-0.847733234,0.708952025,-1.441861998,0.24053697,0.152819465,1.232243657,1.821326975,-1.34412702,-0.255651238,-0.67783125,-6.872033882,0.225527398,-2.218404559,0.480419195,-0.505308434,-1.39712057,-2.560083849,-0.785295547,-0.425923657,0.471185814,0.702618856,-0.964888214,-0.670441208,0.795126665,2.725713049,4.31395818,1.852755517,-0.346030042,5.057045827,0.029199681,-3.592720016,2.355170076,-3.382880485,2.692261878,1.206679505,5.580330101,-4.821281285,3.897057521,8.603670579,-6.072269748,5.674450146,-6.565290304,-1.21093082,-2.707705897,1.887236735,-2.981873909,-1.921036053,2.877233009,-3.561768373,2.915110505,-3.251099905,0.729847374,2.202653514,-0.580041236,0.641983343,-4.555489442,-0.696461034,-1.536956632,0.011748321,-5.81455321,-5.012435734,-1.055599768,-4.17367448,1.3974712,-0.777491161,2.812998759,-1.496510379,-1.498675185,-0.446848011,1.44023447,2.675789943,-2.471009266,-4.094181043,8.222076508,-1.293181366,-0.078093837,-1.423065116,-0.690573881,-0.504284293,-1.220003861,2.208364627,-0.463274577,-0.876161129,-0.868541143,-0.679233921,-0.941892977,-1.945998068,2.092578337,0.404620148,0.62017521,0.475865503,0.386897448,-1.689752864,-1.160237048,-0.055406387,-0.241687792,0.723392802,-0.902130568,-1.626746513,-2.95287116,-1.759800746,3.498490647,0.508441619,-1.075140038,-1.628515896,-0.973500753,-0.489830372,-0.786166404,-1.43008958,-1.830041333,1.097498942,-0.732604442,2.291605548,0.465987455,-2.843251211,-4.164375761,-0.401345805,-5.454295262,1.897254769,-2.628597719,-3.189807792,-0.542816156,3.092783505,0.648508431,2.496946697,0.299017144,1.280564333,-7.346946063,1.865667235,1.238104593,3.795679334,-0.743121717,-1.515445733,1.829128182,-1.094432911,-0.601263965,-3.564343043,1.696398035,-0.858287462,-2.065501739,-0.619223907,1.81659878,0.613058089,2.190756936,-2.579502766,0.038594188,0.412957984,-1.080624211,-3.926957618,1.595164219,-1.118774529,0.385120988,-0.687536365,-1.166297497,-2.770606078,1.230885235,-0.052914603,-1.424528611,-1.376350465,-0.915483284,4.853027049,2.227263854,4.596424738,-3.633655135,2.944779767,1.889793935,0.427010255,-1.68433854,2.534998295,2.305627905,1.821377626,-0.187810012,-5.385764082,4.304530158,-0.659977407,-2.434141598,-2.486418449,0.927544679,-0.1222746,-2.251604334,3.08032032,-2.319328336,3.201331348,-2.995596624,0.161097363,-2.923945533,-4.539158016,-0.020325965,2.375945695,0.750604578,2.014842188,2.042273527,-0.30463222,1.006928532,0.268859063,-0.873798554,-0.082323169,-2.412722919,3.90637502,-1.502019017,5.759271236,1.054089966,-1.441076931,-5.946945082,-2.43347646,0.321011624,5.332188016,3.58218296,-3.262899305,0.871621325,-0.592238891,-0.071860646,-0.146694895,0.972479162,-0.370868937,0.568500954,0.032597866,-0.630846284,-2.103878645,-0.321406164,0.86173308,-1.616110089,0.516619131,0.527187716,0.763613929,0.145030969,-0.607122383,2.354554769,0.0873761,-0.479073179,-1.28446103,-0.25749879,-2.340042608,0.150796114,1.075388536,-0.141290573,-0.01060614,0.667133394,0.396511453,-3.388287961,-1.145094491,1.100168934,0.887957881,2.206093948
0.525885326,-2.596206743,0.193538433,-0.706745269,-1.038886004,-0.64172001,-0.768738691,0.659872027,-0.598248005,-0.755784378,-1.984426409,-0.184178108,-0.109173648,-0.05522675,1.26314796,2.405485984,-1.294037918,-0.425616202,0.168468351,1.498483407,-3.360309443,2.572968301,-0.044259533,-2.027136228,-0.212290772,-1.958695023,-0.0927132,-0.564320866,0.346241877,-0.351607269,-0.046725177,-0.356099472,0.519450033,2.260258442,4.479313219,2.419357746,-0.298462037,5.743185886,-1.814452044,-3.395316221,3.633045484,-3.176028211,5.083814954,1.467888631,6.575966938,-4.656634249,5.307623976,8.937966859,-8.459401065,13.16589189,-4.030200224,2.4624602,-1.842282529,4.068496324,1.335694453,-6.714985206,2.577115079,-5.271217855,4.743036183,-3.144877664,-1.34600393,5.430539543,-1.336584748,2.226601912,-7.647968163,0.053264271,-2.024850124,0.035642691,-0.317255136,-4.332804855,0.630711102,-0.010338945,-1.686469586,1.415372926,4.041544732,-3.675272666,-1.003800401,-0.425343264,0.451661951,3.104845898,-8.165080957,-0.33562762,2.230286203,-0.421806478,-1.936220042,0.266826654,-1.741789444,-1.08787851,-1.371483159,2.065904891,1.991359599,-0.628659485,-1.179851813,-0.874976142,0.784344428,-2.466718411,0.171319282,-0.459227735,-0.571983722,0.076743035,0.143843004,-1.065909774,-0.094083436,-0.515843591,0.212614834,1.764120069,-1.786084266,-0.553853401,-0.278215878,-0.861609573,4.479629497,-0.779946469,-0.550413591,-1.778811971,-0.417893334,1.284414419,0.665429856,-1.793667599,-0.909844819,2.18329239,-0.582889816,5.765697503,-2.478581984,-1.472444856,-1.660884258,-1.900094084,-1.98179372,0.653053836,-0.909811933,-0.9916675,-1.32227704,1.770896646,-0.567442439,0.262379357,0.129377191,-0.127232886,-3.004782524,0.509018573,-0.570657388,3.171252744,0.566236746,-1.387451028,1.714496697,-1.303567805,-0.965956503,3.388557792,0.350018949,0.642093307,-0.391451307,-1.718328572,0.439140935,0.103556143,1.099592485,-1.771446563,-0.62044861,0.798868756,-0.76570893,-2.541492902,0.723162747,-2.007296749,0.043162413,-0.60436412,-1.289033989,-2.3282848,0.958538109,-0.665477248,0.607538666,-1.543727655,-3.628183375,5.393032535,3.0546259,3.781175237,-1.527245743,1.387892292,0.678869935,0.459299868,-1.712572247,1.523059442,1.684549598,2.477453076,1.464888107,-2.03312272,3.578138802,-0.946682748,-1.125739951,-1.343697266,-0.502038574,0.028660208,-1.498759839,2.219019547,-1.836352165,2.192246527,-0.556491832,-1.637423951,-1.788864105,-3.460332495,-0.158255859,0.232180649,0.512383405,-0.780122497,2.467400974,-1.362276968,-2.201150967,-1.286522572,-1.611773955,3.073297174,-0.91251163,5.830020727,-2.95976285,-3.664972097,-0.505439893,-1.296749484,-5.738748654,-0.944682213,0.15741165,-0.095948948,1.363860311,-0.544290626,0.253040138,-1.661159414,-0.099773903,0.70217833,1.207602883,-1.019574515,1.27794267,0.510543524,-2.060205482,-0.013036511,-1.280904228,1.859324872,-2.281434439,-1.622491683,0.171804607,-0.105279422,0.370383587,0.314689932,1.882598814,0.577600818,-0.402863692,1.286341004,-0.500825983,0.221377036,0.958335827,0.827822597,-0.480818635,0.833619435,-0.463480503,-0.341955407,-2.243563997,0.921624733,1.238877466,-0.93516152,1.535806105
0.531940869,-1.848545573,-0.215897871,-1.003625588,-1.410903325,0.110063745,-1.73494026,1.301016172,-0.945058131,-0.279573427,-0.166559378,0.316111359,0.054217873,0.709870784,0.835089008,1.428774176,-1.340740206,-2.436949826,6.538441782,3.773956143,-1.116606091,-2.687890171,-0.133263052,-0.35096276,-0.69702632,-0.342624616,2.83314636,-1.693866523,-1.116638834,-0.485570097,-1.662079867,0.142534366,1.356138957,2.093448067,4.713029072,2.007418265,-0.218049192,3.926217128,-1.413207765,-2.020973814,5.675401074,-3.061116058,3.558890247,2.253024513,6.837755752,-4.876817949,4.66987592,10.20910461,-9.284706421,16.62215248,-2.282159715,1.673918674,-4.02925475,2.270760095,1.100600901,-8.000987899,3.053574538,-4.365121326,4.177564444,-5.51973737,-0.509595914,4.511276146,0.891335724,2.600862098,-6.868021621,-1.942782065,-3.127150006,-0.519437747,0.228851202,-1.897067429,0.678079332,0.408511206,-1.668157173,0.561041277,4.355972991,-6.298000912,-1.539461958,-2.599043415,1.3706704,2.509428626,-5.808742924,-5.138979356,1.206309859,-1.456684728,-0.874106311,-0.671556576,-1.320644734,-0.513308674,-0.389336254,1.465962357,2.437835131,-0.826842037,-1.930010861,-1.083539086,-1.701403041,-5.692045025,-0.613681666,-1.498448316,1.16710036,1.335427256,1.632214976,0.164383583,-2.940799397,-0.348056461,1.112268403,1.710199797,-1.941331595,-0.27225152,-3.046048544,0.819499866,5.480552236,-1.815560838,-1.686020645,-1.336725686,0.050946801,-0.173774263,-1.193513582,-0.1797542,-1.246699116,3.512520665,-0.704340228,9.070710301,-2.066713661,-2.831729335,-4.41170106,1.769344973,-2.855002925,-0.240804616,-1.116676647,-0.376277301,-0.232589458,2.539751883,-0.304507576,-0.228900867,-0.269785423,-0.454491594,-1.381305121,1.518096381,0.78375997,3.125532593,0.819209806,-1.194857816,1.468801092,-1.358822965,-0.515994456,-7.557061596,0.678675565,0.852581749,0.285006027,-6.09167825,-1.177172916,2.068441825,2.682229675,-1.446769704,-0.539599336,0.022966622,0.030627201,-0.449794929,-0.095205455,-2.386533497,0.749035589,-1.613915309,-3.35802,-7.597642952,3.645727769,-0.14983416,0.15688676,-0.758187783,-2.333883636,3.90904273,2.967489716,4.266856037,-0.935261212,2.100042927,0.55512212,0.17283149,-2.301599993,3.377362011,3.414167554,0.906826123,1.765063512,-2.590777625,2.301018355,-0.204382239,-2.075978281,-0.778755527,-1.898468937,-0.041995037,-1.773998016,2.573671981,-1.779706067,2.315777433,0.209208512,-2.138313158,-0.260919633,-4.097910426,-0.141238132,1.58928993,1.912119819,0.297073674,1.732975939,-2.30228885,-4.007466925,0.219335543,-2.34208146,2.771471407,-2.181518516,5.835541989,-4.686099993,6.734826882,0.669574572,-1.485112393,-7.683212686,-2.477259459,0.432837662,5.251646726,2.32720191,-1.464850202,0.508951602,-0.67522113,-0.720525905,1.439996727,1.114093094,-0.355389827,1.201331055,0.473128575,-3.065874477,0.482607141,-0.799108029,0.30328086,-3.343216682,-0.337368196,2.011702281,0.768678551,-2.058959054,0.769228316,1.971783515,0.288690103,1.305065676,-0.23341989,-0.493553279,-0.043539375,0.433547782,-0.694639306,1.323356751,2.134116996,-0.380436782,0.265516461,-3.465706137,0.079485874,1.80601173,-0.472253983,1.569123957
1.733636584,0.533112569,-2.028925312,0.261826777,-1.644211569,-1.847170912,-1.682280603,1.790235489,0.429941389,-0.737150354,-0.096897291,4.856734502,-1.34322772,0.060186562,1.880232986,3.184314769,-1.659068817,-2.644857715,0.916864266,2.442083072,-3.094658234,-3.24853046,0.511404406,-1.127961926,0.724777683,-1.751347224,-1.404178341,-1.476913387,-0.056050075,0.412759858,0.851468339,-0.657900364,1.798704623,1.534868826,4.169198543,-1.983733386,-1.253670935,2.427766854,0.382674708,-1.13500396,0.059776849,-2.030062463,-0.870743034,3.174286285,4.878563856,-3.631967239,4.052067939,9.043042582,-5.536336266,9.938185689,-5.568028613,5.345321792,-6.666666814,0.110495028,-2.520461117,-4.130524747,-1.685283249,-3.620348478,5.252315247,-2.195809875,1.120389081,4.313639942,-3.605077837,2.112526624,-4.265114222,0.950066688,-1.355934143,1.37457244,-0.6626466,-3.207000909,0.961542405,-4.048205535,1.451772739,-0.209685479,2.721752497,-3.386305271,0.76248953,-0.737935695,-0.844279566,-0.261976053,-1.128584665,2.717597923,3.075416319,-1.00834012,-1.150082467,-0.742014826,-0.360187678,-3.335165842,-2.483915341,1.102079534,-4.288438378,3.267860714,3.684506709,-3.034116642,0.541514421,-2.154710388,2.665452306,4.688690205,-2.281580412,0.6158977,2.545458373,-3.810751105,-1.558535701,-2.093685201,0.124356011,1.386889409,-0.857142857,0.394408397,-0.35727224,-3.466118177,3.775950183,-1.533037885,-0.140774234,-2.152203783,-0.564968327,-1.351121455,0.441048339,-5.148834911,-2.890621875,1.635697925,0.398596932,0.836012848,-1.065687944,-1.765626563,-1.568743536,-2.504130979,-1.912040062,2.240598496,-6.192691581,-0.547138055,1.249995703,3.316705361,0.888359478,-3.251678936,4.069761357,-0.710473674,-2.08695942,-3.483001916,2.362545954,-0.85179725,2.353969776,0.717105204,-1.142941212,-1.846059411,1.969302113,0.832238307,-1.594827632,-2.233465312,-1.739123605,-0.16536172,7.958939185,3.590695078,-1.607275282,-3.014710294,4.102878138,0.693690426,-1.84595714,0.030264871,1.80277036,-2.052520312,-4.730411011,-0.586043462,-1.700153202,-0.056173291,0.140624383,1.123437144,2.897284337,-3.077586071,0.541858001,4.329062715,0.253539139,3.568126462,-2.39711134,2.077560692,-1.82806914,-3.315800516,-0.753847459,0.966046546,2.490242875,-0.537142668,0.675975665,0.286235325,1.34350687,-0.182875639,0.474666987,-0.502743761,0.137293663,-3.10421129,-1.269695035,1.918777246,-1.696148585,-0.610374963,-0.735721293,-0.345023012,-1.945311476,-2.928297676,-1.296595066,1.424658904,1.459350999,-1.058861372,0.817973138,-0.852237801,-0.192068874,0.95568148,-1.136521993,0.606148263,-5.420200651,1.053328547,-3.285371238,2.868749168,-1.471356422,3.348008492,-4.75161739,-2.622792215,1.34152454,1.527500039,6.449857461,0.490197427,0.190994535,-4.13287476,0.830801772,1.079718785,-0.596268708,0.385742219,-1.596861215,2.316866273,-1.477771454,1.391305686,-1.579982946,4.041091781,-2.144769494,0.134225503,-2.550682899,0.950738111,-0.131872606,0,1.662429369,-1.648206838,0.931590377,2.706389956,0.054705961,-1.269234439,-1.620617715,-0.03983402,1.921774285,0.818662835,-0.488799715,5.591400717,3.671226273,-3.693103297,-2.593418815,-0.23646961,-1.317774916
-2.878033325,-1.889092903,-3.735126796,-4.689727469,2.243739399,0.667155725,-8.899518919,-2.427870315,3.745422481,0.9756753,0.585700305,-6.706874877,-3.925838263,-0.461376259,1.306615417,1.218595255,-1.566414753,-2.425171731,-9.335063997,-1.500219062,-16.59359103,-12.06908362,20.73771647,-1.903976759,0.11897884,-3.00928268,-0.400326695,0.924040496,-4.565926532,0.49623515,-6.799858152,-6.433259241,2.002418207,-0.176466707,8.060783484,4.235477249,2.710580467,14.6980792,1.648225186,-10.17051189,-0.253521742,-0.532347586,3.444936669,2.993692806,15.70394845,-5.784634487,1.750148197,13.14423323,2.548392006,22.81663222,3.456530643,19.09639199,-15.53175217,0.025732698,-1.556569307,-14.00197822,-6.351412264,2.099736743,2.682947689,2.435623172,-4.173664003,8.813031972,5.960788588,-5.320724624,-7.018055488,-5.355206906,-0.617668184,-4.21640496,-11.97480894,-8.302691437,-2.732147156,-2.063850361,-1.151356962,1.008894481,8.684769281,-6.199890171,3.752667643,-2.69185136,-9.214398122,3.852451378,-3.921250081,2.38271719,11.48690903,-7.865315131,-0.913806783,-1.836239036,0.325630745,-4.805842459,1.002112093,0.232263001,2.332610357,-1.539839792,0.52054006,-1.777219397,0.695531593,-0.925741208,-1.454811468,1.312308361,-0.243014761,-0.165808975,1.789504937,-3.495806587,-7.025941071,1.876218905,-0.158557017,2.149510545,-2.402726161,-6.764775142,0.983336861,-8.23178987,5.366762456,4.015905932,-5.613075685,0.892956149,-0.974000031,-1.212202137,0.305731852,0.661756282,-0.744676964,4.259772642,-2.54873376,2.734074361,-4.915042971,-6.525226942,-3.556527236,-7.36600879,-11.87827681,-1.315231461,1.755641084,-2.036891171,-9.734893238,3.178899447,-1.301423456,-1.88938334,3.023378449,-0.013328536,-8.652466975,4.759114343,-1.505343099,5.238352577,6.779823714,-7.963113135,4.274329264,-1.508890987,0.78118344,3.965017782,-3.652522559,-0.134496976,0.133330192,-0.306122211,2.538012818,2.4066501,3.214516363,-11.6011492,-4.086371224,-1.799827358,-10.0744138,-2.72642217,0.455676786,-6.159364977,-2.348804611,1.776389155,-0.451729073,-6.029715215,-3.82266823,1.145298428,-11.16551879,4.898435867,6.187270785,9.91891769,-2.706063973,26.68302547,-9.847659741,-1.362631835,-0.370252467,-11.17677769,-6.701355018,1.810938025,4.32893685,-4.233857572,-1.611077407,5.930745904,11.53381737,-1.9159916,-4.799427307,-3.290601996,0.508269493,-2.316962954,-4.273026113,7.966948931,-2.487783587,2.826219066,-2.661645267,-0.145573108,-1.861748157,-1.876551713,-0.973918294,-3.175806282,2.766882655,2.094751001,2.051859496,2.10693107,-0.165628662,-0.739799886,1.226732268,0.083279243,-1.036072825,4.595833827,-1.170800125,5.87310006,-3.113530421,-5.517807108,0.693615593,-3.905586787,1.893239626,2.062859468,2.656210498,-1.623000005,1.304156516,0.798044064,0.100469015,-7.590405593,-9.253252633,-2.5296882,1.972999795,-6.178019063,-6.037312957,-3.243901568,-2.007649856,3.199442348,-2.93454301,2.802292958,-4.138999931,-0.944840613,-6.656698974,-1.24946066,7.510591997,-3.602472889,2.800048735,-4.663742902,1.039086775,1.68280098,-5.051075284,-5.625895827,6.946113939,1.486703564,-0.873084797,-2.386031329,-0.289288974,-0.345348734,-4.143763177,-1.543207769,-3.302415328
0.97710057,-0.356849193,0.473622083,-0.030977919,-1.163345318,0.895772238,-0.801051444,0.563454246,-0.516754092,-0.600700833,-0.204170724,0.686695519,-0.396439848,0.069748015,1.110819002,1.982469795,-0.705263584,-0.209354566,-1.483238953,1.537233038,0.429584282,-0.715301664,-1.561334832,-0.418103304,0.980735311,0.118886882,-0.096776052,-0.048364403,0.42831324,-0.145503525,0.013228822,-1.077473803,0.468951663,-0.505823045,3.446253747,1.669341412,0.921042774,4.040063601,0.644568201,-5.187707917,4.223939028,-4.154045239,4.259185347,1.446747771,6.65354459,-4.735357959,4.156389767,10.60976183,-10.40223708,10.47982763,-5.239872967,8.791465915,-1.282339758,2.716685319,4.891132274,-9.017953014,-1.257828995,-1.865140354,2.36000774,-1.921601231,0.191429741,3.91020467,-2.103154223,0.779410133,-3.724902188,-0.005395412,-3.015546385,-1.459967529,2.685803831,-2.161292607,2.317439061,0.324537123,-1.694555466,1.298011656,2.872249899,-1.661488888,0.511769097,-0.47716008,-0.501441889,0.181708,-1.313225034,1.200896663,2.567473067,2.652431065,1.090722042,2.117411471,-0.634073683,-1.894478291,1.254009971,1.058967086,1.313238499,-0.21060435,0.99261034,-3.539272058,1.721840057,-2.005453312,0.617355658,0.005721717,-2.999890828,-2.922973507,0.361965412,-0.258646403,0.94647848,-1.129399794,-2.557386448,-0.640456121,-4.29084064,-0.446514194,2.800015711,2.381083034,7.577795021,-1.760390087,-0.187274026,-0.411409757,0.796197054,0.071933272,0.561982525,-0.249762449,-0.464061114,1.960229831,-0.738052533,1.98438222,-1.02714994,-0.739450472,0.292145618,-0.469718163,-2.128939896,0.866688961,-0.027595475,1.342278501,-2.241657263,-0.668012256,-2.941332452,-0.446049018,-0.235588195,0.131054732,0.146996538,-0.930986614,0.088494531,-0.595080983,-0.652891206,1.238682738,-1.019985602,-1.165932974,1.08595006,-0.755948517,-1.746459945,-0.489417687,-1.659949947,-0.682864585,-2.129077757,-1.458277341,-0.037619674,-0.27199446,0.594399955,0.483498751,2.021475975,-0.744013337,0.540512023,0.528823999,-0.631537407,-2.436389622,-0.346850236,-0.610266457,-1.01903954,-0.768706464,0.23390663,-0.233360784,-1.41194068,1.618152233,-0.077873303,0.238752981,-0.833220397,0.840221292,-0.059647595,-0.913889689,0.456746136,-0.296003466,0.706256812,-0.073325693,2.436392312,-0.53231228,2.170699384,0.426408584,-0.822046103,-1.447033858,1.473099682,-1.174039625,0.433920377,0.397770162,-0.555663964,0.998766313,-1.420600169,-0.864513619,-0.245733966,-0.337327751,1.931141274,0.663787385,-0.349629115,-0.122698313,1.397195526,-0.509374945,-0.057091542,-0.675775244,-0.51713881,2.024078804,0.778228906,3.079226753,-0.40196418,-0.193164444,-1.179582019,-1.122783209,0.223120243,-0.617015675,-0.670341853,-5.711058239,-3.054970292,0.488191505,1.179242608,-1.187229366,-2.436725806,-0.025732544,1.343068156,0.235266851,1.110085043,-1.102203571,-1.872437174,0.338863717,0.682358877,1.15329123,-0.335244263,-0.32115485,-0.259720366,-0.142641881,0.92043315,0.460144174,0.298891044,0.070371232,0.424050092,1.588509268,-0.681878494,1.113064285,-1.232859661,0.559459356,-0.026852208,0.725617435,-1.052443787,-1.010900989,-0.823083476,-0.505293795,-0.03482996,-0.957433496,1.49704445
1.276499539,0.166174761,-0.454903266,-0.169722477,-1.704391296,-0.915874986,-2.885280335,1.761663169,0.635389235,0.500132174,-1.53453419,2.326103715,-0.049467105,1.478569765,2.516961404,4.029784864,-2.264184508,-0.844263733,1.649248234,0.963263487,-3.054908408,-4.388010939,1.207884837,-0.307828438,2.018193793,0.352224584,-0.662954263,-3.165258376,1.792519959,0.332375351,-0.40359105,-0.729267582,1.880391732,2.563618751,3.118932807,0.267498175,-1.499474909,1.809494229,-1.427885096,-1.412454288,1.721224594,-2.146632784,0.23645133,3.332685708,3.531313801,-4.229853696,3.760492107,7.46083066,-4.587625773,8.470781936,-3.224929422,2.672221111,-0.486513144,-0.231659125,2.812752134,-5.065951009,-1.490240788,-3.460991582,3.568593851,-1.401164816,-1.650551247,3.689485004,-0.709367942,0.956652766,-4.754388467,-0.782829798,1.030719482,-0.198604171,-1.539313563,-2.607675079,-1.628476261,-2.111354235,1.508355131,-1.239808107,2.310219491,-1.247861932,2.299747557,0.4306146,0.328930725,1.262743264,-2.685052289,1.988453663,4.211231062,1.742088467,-1.984416942,-0.076853001,-0.671793458,-2.336098689,-2.049655367,2.541059383,0.426146079,-0.914056618,-1.168494738,-5.388334287,-0.883976992,0.189124966,2.182310008,6.239362638,-1.001390041,0.268420329,0.847154222,-3.809245401,0.396955982,-3.620582712,-1.95782397,0.2614236,-0.687774985,0.251142922,-0.7792683,-1.323315492,3.921198571,-1.102735715,0.281067135,-2.51100356,-0.726869565,0.317619675,1.314355517,-0.347773355,-3.208741421,1.118379891,1.82751032,2.990124144,0.320901771,-0.315249425,-0.11576754,-3.421291948,-6.833330833,1.475626855,-8.215615715,-1.490937455,0.218373617,3.711213921,1.243058965,-0.252800844,2.767013196,-1.877477955,-3.010085578,-1.19813729,2.463248738,-0.071465776,1.156628514,-0.74144981,0.726760883,-1.346798986,-0.114745586,0.685204754,-2.682793652,-1.624717698,-1.022985904,-0.28981821,5.386746004,1.59996813,-0.116734966,-2.652926818,0.579379235,-0.098436823,-1.163601379,-0.864205593,-0.533398834,1.015620029,-2.94581917,-3.702630754,-3.489514336,-2.041372511,2.74130895,-1.671275779,0.686339758,-3.681208389,0.651870488,4.803542301,0.394464956,4.210809001,-1.145892392,2.093069053,-1.494789302,-0.908435223,-1.388683669,-0.064724236,0.877707091,1.215079091,-0.514937902,-0.533983055,0.857298735,1.193786701,-0.501672884,-1.782549118,-0.332207787,-5.799720172,1.354946789,0.65238398,-0.034681376,-1.409085738,-1.386166948,-1.344249976,0.266904326,-2.154470878,-0.790207594,2.5710835,0.527622403,-2.554426166,0.661662334,-1.458955175,0.597459816,0.551783337,-1.174501112,0.993912096,-3.238323616,2.987599188,-1.478114931,2.582951836,-1.978507939,8.84896466,-3.429029897,2.766287055,-4.067348395,3.242354673,9.000521194,0.335032946,0.50697893,1.330318223,0.979442538,0.588010152,0.379152559,-1.562204304,-4.007525818,0.233240174,-3.518362022,0.806564162,0.448491736,4.981784154,-0.246212255,1.029390375,-2.09433776,-0.127220206,1.231060606,-0.785447041,0.868084952,-0.40397441,0.124739544,3.323833158,0.360627963,-2.588878389,-0.960548375,1.703843462,-0.165108863,1.798065498,-0.136619178,15.39639324,-0.161900071,-5.883346438,-0.893495536,2.432004081,2.141755485
0.801681937,0.216715469,0.264984893,-1.682990847,-0.688228719,-0.268361454,-0.798647409,-0.367253756,-1.876876849,-0.572278685,-1.831949221,-1.249455395,-0.293410783,0.668211298,0.741465366,1.641131423,-0.571853077,-0.981155418,-1.608955327,4.64391916,-0.916287545,-1.350953049,0.369804254,-0.113275713,0.14796685,-1.577746454,1.005199068,-1.687234847,0.019290261,-1.374292214,-0.430873112,-0.989171169,0.879641062,1.264306798,5.040497687,5.514861641,0.635642837,3.999784568,-0.962808125,-5.495766074,3.553548776,-4.405783781,3.920617098,1.410287473,7.7309622,-6.281489936,5.579652598,8.039726911,-8.95751568,15.67002683,-3.72411428,6.337556071,-2.476193103,3.691342318,8.17002843,-12.15944744,-4.481394514,-4.204172069,4.53082885,-2.421941674,2.761924117,5.231528932,-2.719358299,3.648332421,-10.38125342,0.504185314,-3.629819325,0.719672972,2.781227801,-3.224138221,5.218117399,2.179540108,-4.199596139,3.239551801,2.298637029,-3.637671616,0.12621168,-0.561798925,-2.584995418,0.297807299,-5.797895047,1.717766329,1.794152688,-0.329257462,-1.28334901,-0.190176195,-2.156305811,-1.280455482,0.833513847,2.278930728,1.343952258,-2.106134951,-1.41152702,-4.122687738,1.066753269,-2.321262755,1.699719906,-0.125749764,-1.221405645,0.207444241,-0.741268422,-0.501951432,0.457936183,-1.023627516,-0.259051157,1.668041736,-2.99083311,0.005007515,0.261203534,-0.698321043,6.141460553,-1.758030837,0.260742602,-0.58067709,-0.351308642,-0.180499197,0.889701887,-1.415680089,-1.52042935,3.427196522,-1.324874757,2.488504201,-1.102519043,-0.92664131,-0.314790486,-0.965911493,-1.056835079,1.833160687,-0.445998856,1.487955827,-0.176575432,1.867526677,-2.229347724,-1.638260469,1.576228941,-0.815006424,-1.703030676,1.012828298,-1.196824393,0.724311427,1.168331576,-0.893814415,0.086407947,-0.926577189,2.329178629,1.922271069,-0.152083485,-0.832071901,-1.942892852,-1.343260022,1.227339065,-0.21850298,-0.495530657,-0.488075363,0.58710547,0.478032448,-1.398984154,0.211043671,-0.985128589,-1.547876117,0.009792289,-1.10459714,-0.8121105,-1.027294327,-0.364878929,-2.169583166,1.754800657,-0.63745065,-1.445856457,3.5987695,2.101047061,2.268643371,-1.930806154,1.250374659,0.428542969,-2.09776714,-0.199621696,0.126745963,-0.068202366,1.312868559,2.613321893,-1.550658671,2.656499531,-0.076723096,-0.877057541,-1.532551364,0.441237962,-0.265039255,-1.662161249,0.938150965,-1.021905312,1.541529582,-0.997680639,-0.251253823,-1.771197744,0.116281496,1.018004566,1.048471826,1.327984946,-0.354535113,1.670302068,-0.369244315,-0.367885917,0.22222738,-0.01009545,2.558651174,1.583715159,5.080999201,-2.163682646,1.739028055,-1.640141777,-1.911432025,-2.90251326,-1.856910554,-0.41820023,-6.681395744,-0.29534715,0.286789379,2.131951458,-1.054732536,-1.043724039,0.944421211,1.38575036,0.125256536,1.809889106,-2.056110164,-0.724908933,-0.573761679,-0.052133175,0.309005934,-0.402457866,0.485300235,1.023787536,-2.176974869,0.014107219,-0.056403627,1.522092742,0.948895039,0.664272676,-0.487331725,-0.532732288,0.043211696,-1.377966236,-0.061523355,1.100427279,1.540030636,0.263026299,-1.629129875,-1.848284771,-0.811676093,-1.827260479,-0.16915604,0.445444996
1.987856064,0.079577518,1.72946049,-0.774059431,-0.363795105,1.006830991,-0.82360789,-1.15274205,1.521358971,-0.38615592,-0.687407396,0.993862204,0.117063951,0.102534061,2.546000115,0.848288274,-1.785311407,0.148995758,-1.221578492,2.666967342,-0.757287274,-1.419172222,-1.671635342,-0.014537461,0.320772039,-0.413828212,-0.188402174,0,0.087028572,0.30554196,1.341792991,-1.345556719,0,1.237027483,2.761799251,4.672898706,-0.300060805,4.342091019,4.530188575,-4.451938885,3.898767133,-2.411346724,5.159249757,5.449665887,15.66780788,-7.209528517,4.939556117,8.983527235,-15.26320892,17.59846404,-5.759386609,11.7654108,-1.65299408,2.155692216,5.656081307,-10.62987787,-3.597517597,-6.512433555,7.670367859,-2.534762567,3.854271952,6.721192429,-3.599589679,4.116595927,-6.04739108,-1.301853501,-3.881234235,-8.232774266,4.654241681,2.816756021,5.187794854,3.961982046,-8.247528893,3.783667035,2.987081314,-0.324594821,-0.055938025,-1.455186875,-4.132322845,-0.703114695,-2.626200668,2.192981366,2.691691153,1.204689616,0.152172826,1.916476191,-1.030590955,-1.607333385,3.034340302,3.378147804,3.570153559,-3.987657815,1.885907989,-5.030398177,2.007442247,-2.912519371,1.286463376,0.782381795,-6.627007932,-5.474995399,1.512118951,2.62049435,-1.308316457,-0.333571212,-5.121316921,-2.038711912,-4.306392943,-1.95680393,2.632527568,4.224027046,9.104000711,-2.663466426,-1.36296,-0.79364885,2.593481024,0.545786324,1.155305207,1.095605168,-1.204942306,3.454464253,-3.368716858,5.799765884,-0.440864516,-1.126938149,0.857812549,0.647526413,-2.463153684,2.902946274,-1.050378316,2.212975484,-5.183336611,-1.413215537,-0.570203651,-1.524119076,-0.279970997,1.884675962,0.883865338,-2.122523806,0.729559211,-0.292989484,0.71225479,1.424145481,-0.431563913,-2.367576244,2.741705919,0.393209855,0.561915724,0.57560961,-1.707639149,-0.030850474,-2.153349834,-1.251989281,-3.062994606,0.854864953,0.556802758,-0.039059661,2.707857815,1.41375,-0.233387106,1.211872203,0.051379984,-2.738355042,-0.437812935,1.422952929,-3.185151015,-0.408678615,2.575102254,0.049933094,-1.485492347,0.315799856,-2.115528462,3.602881377,-0.941811214,1.041771992,-1.226870486,-1.3662545,3.213136616,-0.421261798,1.156654853,0.213523136,3.189591925,1.103215268,1.649772518,0.086330668,-0.866584991,-2.797423968,0.849508146,-0.955644571,-0.721876862,-0.939828388,-1.161149019,1.040608071,-1.714635464,-2.014144252,0.573124523,-1.21046952,1.647155206,0.558768703,-1.474636242,0.206875181,1.7134258,-0.567898758,1.006339911,-3.411736103,-0.895868431,2.538522373,1.922879253,2.889994791,-0.648345182,-0.887395952,-2.204487781,-3.055801062,3.152123691,-3.929082969,1.350037892,-11.92472435,0.32612857,1.515941815,1.243711707,-0.622369379,-2.745098822,1.024891904,0.746204772,-0.268257187,0.864098804,-2.799697053,-4.419394259,1.05711793,0.668204911,2.833393353,-1.553366487,-1.884630434,0.65985072,-0.899131957,0.377419602,-0.098363115,0.784797172,0.648545788,0.593843269,1.065084504,-1.67885389,-0.290045584,0.835631333,0.495461866,-3.617969155,1.545167281,-2.718479252,0.441698533,-0.654219743,0.263974078,-0.279195116,-1.345714173,0.953362176
3.410265184,1.167454281,-1.59465192,-0.731914894,-0.810400135,0.628608552,-1.998001965,-0.431032825,3.305362276,-0.61276766,0.29019801,0.583791189,-0.188510718,1.513566458,-0.433050407,4.469783007,-3.205468558,-0.174853999,2.491039471,3.448275926,-1.51542998,-4.780945758,-0.690604306,-0.172357808,3.238432327,-1.438090144,-2.795772247,-1.626699621,0.505644682,1.959104691,3.577783909,-2.532961529,2.053822592,1.601007375,2.716188151,0.482729289,-2.126109434,3.265149122,-1.021543462,-3.822793855,2.004371319,-3.854241281,2.422397273,1.198474669,6.251201765,-4.91652192,4.345321426,7.291031162,-6.777715872,16.32516186,-7.498967707,9.398246775,1.093643224,-1.437233358,-1.612901088,-7.386947153,-0.265308163,-1.744533823,6.309953102,-1.902969469,0.062772545,2.752102892,-3.365890227,2.273693109,-5.82349398,0.502815758,-1.094089914,4.014065632,-0.861534359,-3.713215412,1.953284333,-5.229011251,-2.402676521,2.091650504,2.374928993,-2.983950841,0.588909586,-0.170682723,-1.45766778,1.421531517,-3.157125551,2.540935394,3.972608766,-2.013430412,0.850905064,-0.805681934,-0.382191845,-1.096197316,0.973278589,2.544039239,0.353495693,-2.264875327,4.61847198,-3.990746173,2.086199526,-1.986880787,2.147783251,1.907632568,-2.007085793,-1.778125173,2.903745086,-0.099350284,-1.37173626,-1.884251178,-1.978897437,-2.247601368,-1.66667026,-0.665825085,-1.837132983,-1.633358847,4.560316051,-1.714283929,-0.035701535,0.394267032,-1.413425845,0.801417603,1.518714491,-1.232141071,-1.33896763,0.318126535,-0.806449846,1.260427791,-0.106396526,-0.669369385,-0.087997184,-3.070622707,-5.268264298,1.927198187,-3.003676306,-3.380671556,1.456540375,-1.874907023,-2.822579194,1.362399375,-0.795912347,0.286135534,-0.732541497,-1.356730611,-1.050636233,1.72182863,-8.836263631,-11.23122883,8.229331987,-6.955364871,3.427996997,1.318292576,-0.075994936,-1.546333669,-1.764051271,1.378539545,0.612267907,0.200320513,2.476265012,-1.826422746,1.392076575,-0.140289497,-2.219725596,0.982241482,1.107719619,2.252314861,-1.953022821,-0.709766775,-1.424286589,-2.091741896,1.426801524,0.198901039,1.501579811,-2.820359185,-0.754527218,1.219509731,2.876689754,2.056394206,-2.619649808,0.633713545,0.101499619,-2.086956522,-6.231797466,3.271984961,1.48943101,2.093980976,-0.446696883,0.136671218,3.285427446,-0.586883156,-0.633874263,-1.115707701,-0.919146667,-0.690758604,-1.876062629,2.252475164,-4.423938911,1.708370968,-4.371830519,-1.002283565,-1.103847726,-2.342981967,1.416783818,1.173816054,0.510488928,1.672439504,-0.98218481,-0.793115776,0.707442956,-0.646185247,-0.113236329,1.821739819,0.023070004,3.410853987,-1.225116047,1.216163066,-2.146769364,-2.257957526,-1.96757413,-1.083714475,-1.072097098,2.673261852,1.562850716,-3.543126217,1.180134714,-3.647287024,-6.09448593,3.719567482,-1.258641288,0.331227613,1.342703213,-2.853352783,1.541802582,-0.871883288,-1.265951008,1.77283143,-3.807261513,1.326100047,0.04020201,-4.077897308,-2.500231248,0.709958356,1.168359532,0.182284366,0.192256082,0.453844157,-1.455893099,-0.104563691,1.251198243,-0.364400656,-0.524661823,0.856263212,0.173477252,-2.085494932,-0.1695723,0.558927635,-3.067037593,-0.128392332,-2.381375176
1.171334912,0.124908392,-0.606973392,0.013789321,-0.295750741,0.227492765,-0.439258074,-0.559655322,-0.333304548,-0.802970327,-0.650265478,-0.066996716,0.68802968,-0.188513433,0.14158036,-0.289070924,-0.501672241,-0.690841669,0.119707368,1.000877309,-0.865687566,-0.943277008,-1.552048135,0.29961962,1.079728758,0.01975372,-0.085534572,0.595677427,0.666266924,-0.026649569,0.663809848,0.134280245,0.384179429,-1.040484275,2.755115407,0.871075045,0.675112087,3.277744511,3.450326545,-3.956583232,3.267208593,-5.499024408,1.035139111,-0.014084348,4.097036733,-3.671277208,7.465854155,5.095286497,-6.612547072,5.632027192,-6.925835916,1.207757051,6.225898318,5.972144516,7.872953103,-6.746099178,-0.184256278,-5.66484791,2.768752752,-7.405451748,1.433684076,1.801107861,-3.25947893,-0.760232552,-3.999711792,1.658422364,-4.034621808,1.437370996,1.044567474,-4.286786991,-1.103890665,-1.342950509,-1.545853137,0.230768118,1.329506342,-2.163547874,-1.620468189,0.419730076,0.369439384,1.91557832,0.76543794,0.133305791,1.180120091,0.013481486,-0.822739799,0.958939749,0.332004887,-0.746470089,-0.274967472,1.338862317,0.006792632,-0.34543078,-1.861209095,-0.05315041,1.006576271,0.907374772,0.661158717,1.620843722,-0.131435392,-0.227759681,-1.415256165,-1.196637983,1.059853236,-0.715007083,-0.269084437,1.308524536,-0.386970121,0.361108527,0.554944479,-1.244922843,4.919435115,-0.900456598,0.637163894,-2.222073131,0.305515198,0.425353869,-0.292010008,0.306857524,0.370991178,2.174219602,0.10740245,1.349684368,-0.884633963,-1.130634959,0.17808804,-0.418525925,-1.405787562,0.090997546,-0.293151384,0.547406115,0.084294447,-1.955796338,-1.83206533,-0.229324842,-0.663319933,-0.066960828,-0.167112293,-0.093494721,-0.179981341,0.267357795,1.005945214,0.638675122,0.238364772,0.197904336,-0.204306053,0.740944729,-1.079070876,0.088306615,-0.795143563,0.576069795,-0.706596876,0.385061814,0.721234261,-1.797409413,1.121624324,-0.16190299,-0.503389472,-0.73288762,-0.199483345,-0.680226531,-0.877191047,0.400920818,0.059184533,-0.157586996,-0.444497985,-0.429577587,0.149921774,1.247360052,-1.501656354,2.861918365,0.646077815,0.903165181,-1.629927888,1.899117095,-0.588709572,-0.384231194,-0.362679162,0.330192062,0.835765453,-1.34736231,2.811844818,0.617154814,-0.159232205,-0.158979749,-0.679669074,-0.985654945,0.034001768,-1.222465703,1.058917951,0.738513377,-1.342502229,1.34691718,-1.095489549,-0.678349121,-1.377758486,-0.572968271,2.345642341,0.175553673,0.618251231,-0.614452372,2.619178781,-0.159111723,0.430771924,-0.792672308,-0.110164551,0.882130993,0.572830621,3.461978148,0.852831098,0.058348041,-1.139232084,0.13718556,-0.645619827,-0.257585155,-1.750442882,-2.621852374,-1.483677512,0.324760481,-0.33715441,-1.067372291,-0.629772597,1.004352152,1.343564543,0.156310997,0.532931125,1.730733361,0,0.132239706,-0.222227083,-0.469997949,-1.878605667,-0.465776971,-0.577181879,-0.845148044,0.872660933,-1.702409732,-1.012412109,0.558296223,-0.457663951,2.602797221,-0.996214339,0.601328932,-2.571277912,-0.576014516,0.973723017,0.196439889,0.513359872,-0.347608708,-0.470005216,-0.616320881,-1.223969217,-0.845089565,0.562303514
2.120335122,0.143483509,0.664352994,-1.000863569,-0.171276054,0.834763913,-0.912718171,-0.736124009,1.874825606,-0.144017853,0.028815904,1.313488109,-0.291044811,0.703405648,1.729272459,2.100465881,-1.173297162,0.696770718,-1.403829152,1.979890224,-0.424625404,-1.933367101,-3.140305478,0.115376413,0.173351627,-0.230608251,-0.230086281,-0.429547562,0.028639358,0.172172176,1.692436533,-1.296085792,-0.373018673,1.426068061,4.980143599,5.308880309,1.469151207,5.149330764,2.210522807,-2.962209637,5.837841441,-2.254311457,6.011941523,4.161812686,17.23665755,-7.115632905,4.146453463,10.53144807,-15.10761589,18.19960283,-7.006364877,5.723900639,-1.933962173,7.778347738,8.794247788,-14.02758374,-0.331748815,-7.130277603,5.185180556,-1.996374683,3.815360339,7.384926657,-3.889158969,2.695950939,-6.358102214,-3.387534028,-5.586362235,-5.671761638,3.929770067,0.800674252,6.940058272,3.59477591,-7.989694674,3.466671111,3.974126801,-0.733944988,-0.32008229,-1.397651037,-5.496374329,-1.758057838,-3.59161406,3.035351478,4.202768631,0.65416485,1.19152692,1.387024609,-2.145359019,-3.097157403,4.384410983,3.246451612,4.791566613,-3.869175673,1.259318971,-6.498033144,3.241787629,-3.055438673,0.043668122,1.05913504,-6.672161999,-6.543491147,4.50522508,3.067993239,-1.991060464,-0.9259219,-4.424778761,-2.949966283,-4.73141214,-1.50665727,1.133954682,6.090221805,11.15754283,-3.430189531,-1.471168986,-2.519376067,3.199996,-0.159748396,-0.831679208,2.558891041,-0.68576036,4.115926254,-3.681229922,6.781853132,-1.02607529,-1.515793684,2.106620808,-0.128814937,-1.563816568,2.824858757,-0.38961039,1.449275362,-5.203996669,-0.702773844,0.207133397,-1.869922764,2.799832846,3.05771331,-1.526721798,-3.43980344,0.45249282,-0.937253426,0.780291581,0.869929614,-0.903128042,-3.601104076,1.731078905,-0.160767691,-0.440180072,-0.079968013,-1.496648346,-0.314095026,-2.451175701,-1.694269642,-1.337299406,0.710811822,1.442125237,-0.453339647,2.20076834,1.449271389,0.11765098,1.593625498,0.480384307,-2.763725077,-1.192303846,1.721443729,-1.880998153,-0.950570378,2.175598291,0.116690008,-1.191395081,1.402961808,-3.315753455,4.160129513,-0.117600941,1.471762191,-1.411768627,-0.970873786,1.859173186,-1.249996094,0.986193294,0.555339173,3.02411128,2.213859557,2.923478074,-0.342759212,-0.638569604,-2.490660025,1.34623475,-1.328352013,-0.041493776,-0.454353592,-1.66532081,1.025851415,-2.049831272,-1.42631141,-0.473190044,-1.246102025,2.925847578,5.630821099,-2.194612836,-0.371287129,2.192247141,-1.739850942,0.37422039,-3.297153064,-0.120477912,1.46698853,2.893085954,1.619092527,-0.297374669,-0.675105457,-1.578068937,-2.470639835,4.265206926,-3.778955556,1.234068335,-12.42795749,0.361532899,1.170446233,2.435365214,-1.148144444,-2.102973169,0.108896556,2.11267235,0,0.63409551,-2.117561231,-5.486545894,-0.172239057,0.137982063,2.947443182,-1.847336987,-1.273220966,0.518848149,-1.297374486,0.687524923,0.553059108,0.451392377,-1.064932976,1.890098005,1.240258726,-1.466480498,-0.278551542,-0.381550468,0.558074642,-3.597848016,1.814450593,-2.795341191,0.300400544,-0.564221725,0.399863379,0.100066711,-1.088746324,0.932394241
0.890663338,0.203992347,0.935144148,0.34434744,-1.022492323,0.842072543,0.431480853,-0.258222586,0.780708716,-0.534946496,0.81767833,-0.54502727,-0.439278216,0.250410159,1.25906703,-1.286033132,-0.634645808,0.612649069,-0.591870808,1.825490468,0.192527353,-0.867528434,-1.318381154,0.429885658,-0.120222416,1.041212148,-0.1299844,-0.388429873,-1.353886217,-0.381709224,-1.454483026,1.657033481,-0.008498598,-0.75054814,1.942917813,1.687211309,0.536122346,3.06159143,2.526004829,-7.076283407,2.630407311,-3.305637663,0.73326347,-1.117465637,0.059746498,-2.195506284,4.684087215,9.975969919,-8.808058875,6.875230295,-10.48130118,-2.708435263,2.620347492,4.80827933,-0.271261815,-0.652003831,5.146249449,-0.382442178,0.21901624,-4.870214344,1.381798062,-0.455577365,-3.801098124,-0.694677753,-5.22725232,3.344538132,0.123113924,0.032834975,-2.793296023,-2.868214729,0.18639718,-2.697806201,0.158951717,1.748162414,0.495316899,-1.808639769,2.380764821,-0.703030737,0.888541678,0.234377344,3.559872226,1.68654459,-1.114541997,-0.630557008,-0.825788483,1.159772883,1.156783995,-0.854077585,-0.590277361,-0.088868154,0.056583947,0.234970835,-2.000955979,-1.347330367,2.168873201,-0.398565175,0.368028648,0.530842105,0.379461486,1.126712905,-0.978251258,-0.298239566,0.080670378,0.01613442,0.380660076,1.113749889,0.45245394,0.263939298,-0.090646891,0.156812474,0.891005109,1.995921556,-0.287943762,-1.312160446,0.520879615,0.881431492,-1.551939951,-1.503946417,0.503840753,0.640063991,0.492861085,1.174779412,-0.621533691,-0.60110286,0.075191744,0.402653304,0.269156365,-6.348954857,2.017032272,-2.590996477,-2.242112915,0.895606056,-1.886213995,0.00757197,-0.151283665,0.349166527,0.205373087,-0.649891171,-0.248757719,0.774844278,0.304780543,0.022862585,-0.417416531,0.81872598,0.438062574,0.556415018,0.077332558,-1.77757218,1.409753508,0.355618074,-0.477029311,-1.448289299,1.290328755,-1.281372365,0.030332194,-0.565610834,-2.212389283,0.660677718,1.737031139,1.409203417,-0.805285998,0.228434475,0.535862339,-0.053551646,-4.340194528,-2.615821754,1.044290196,-5.921803806,-0.06094055,2.172409127,1.197221155,3.163600646,-1.029381664,2.251298184,0.080468912,-0.451507405,-0.029116191,0.807284633,-0.314585554,1.034820809,-1.298616699,-0.896530271,1.706002585,-0.519379675,-0.415245125,0.014574863,0.080210734,-1.979847703,-2.215542323,1.836300356,-0.916786299,0.831968967,-0.184536874,-0.332485849,-0.994535656,-1.019064818,-1.354028622,1.590936479,-0.408217674,-0.124392227,1.231206741,-0.660178624,-0.346260402,0.592121896,-0.20855265,1.188802724,-0.496948992,2.020852715,0.085759721,0.843241802,-1.175209452,-1.66690364,0.577621837,-1.052480651,-1.5778301,1.553581656,-1.38774734,-1.635354822,-0.168656822,-1.534473965,-1.246397911,2.055303677,0.187805358,-1.991847949,1.251324506,-0.457157644,-0.284096193,-0.309557396,0.151712395,-0.77883831,0.09826651,1.408447345,0.817147338,0.261902484,0.540141108,-0.896618285,0.795840675,0.836514594,0.027206122,0.926883663,0.048078032,0.103148599,-0.458598886,0.102781092,-0.013704186,1.227464658,0.684259177,-0.195121254,-1.184410541,0.637559238,0.083236237,0.020810962,-1.624244193
